Arrival Time,Finishing Time,Period,Time To Deadline,Task ID
0,5,25,20,2
10,22,50,38,4
5,25,40,20,3
25,30,25,20,2
0,32,20,-12,1
20,34,20,6,1
40,42,20,18,1
45,53,40,32,3
50,58,25,17,2
60,72,50,38,4
60,74,20,6,1
75,80,25,20,2
80,82,20,18,1
85,93,40,32,3
100,105,25,20,2
100,107,20,13,1
110,122,50,38,4
120,124,20,16,1
125,133,40,32,3
125,138,25,12,2
140,142,20,18,1
150,155,25,20,2
160,172,50,38,4
165,180,40,25,3
175,185,25,15,2
160,187,20,-7,1
180,189,20,11,1
200,205,25,20,2
210,222,50,38,4
205,225,40,20,3
225,230,25,20,2
200,232,20,-12,1
220,234,20,6,1
240,242,20,18,1
245,253,40,32,3
250,258,25,17,2
260,272,50,38,4
260,274,20,6,1
275,280,25,20,2
280,282,20,18,1
285,293,40,32,3
300,305,25,20,2
300,307,20,13,1
310,322,50,38,4
320,324,20,16,1
325,333,40,32,3
325,338,25,12,2
340,342,20,18,1
350,355,25,20,2
360,372,50,38,4
365,380,40,25,3
375,385,25,15,2
360,387,20,-7,1
380,389,20,11,1
400,405,25,20,2
410,422,50,38,4
405,425,40,20,3
425,430,25,20,2
400,432,20,-12,1
420,434,20,6,1
440,442,20,18,1
445,453,40,32,3
450,458,25,17,2
460,472,50,38,4
460,474,20,6,1
475,480,25,20,2
480,482,20,18,1
485,493,40,32,3
500,505,25,20,2
500,507,20,13,1
510,522,50,38,4
520,524,20,16,1
525,533,40,32,3
525,538,25,12,2
540,542,20,18,1
550,555,25,20,2
560,572,50,38,4
565,580,40,25,3
575,585,25,15,2
560,587,20,-7,1
580,589,20,11,1
600,605,25,20,2
610,622,50,38,4
605,625,40,20,3
625,630,25,20,2
600,632,20,-12,1
620,634,20,6,1
640,642,20,18,1
645,653,40,32,3
650,658,25,17,2
660,672,50,38,4
660,674,20,6,1
675,680,25,20,2
680,682,20,18,1
685,693,40,32,3
700,705,25,20,2
700,707,20,13,1
710,722,50,38,4
720,724,20,16,1
725,733,40,32,3
725,738,25,12,2
740,742,20,18,1
750,755,25,20,2
760,772,50,38,4
765,780,40,25,3
775,785,25,15,2
760,787,20,-7,1
780,789,20,11,1
800,805,25,20,2
810,822,50,38,4
805,825,40,20,3
825,830,25,20,2
800,832,20,-12,1
820,834,20,6,1
840,842,20,18,1
845,853,40,32,3
850,858,25,17,2
860,872,50,38,4
860,874,20,6,1
875,880,25,20,2
880,882,20,18,1
885,893,40,32,3
900,905,25,20,2
900,907,20,13,1
910,922,50,38,4
920,924,20,16,1
925,933,40,32,3
925,938,25,12,2
940,942,20,18,1
950,955,25,20,2
960,972,50,38,4
965,980,40,25,3
975,985,25,15,2
960,987,20,-7,1
980,989,20,11,1
1000,1005,25,20,2
1010,1022,50,38,4
1005,1025,40,20,3
1025,1030,25,20,2
1000,1032,20,-12,1
1020,1034,20,6,1
1040,1042,20,18,1
1045,1053,40,32,3
1050,1058,25,17,2
1060,1072,50,38,4
1060,1074,20,6,1
1075,1080,25,20,2
1080,1082,20,18,1
1085,1093,40,32,3
1100,1105,25,20,2
1100,1107,20,13,1
1110,1122,50,38,4
1120,1124,20,16,1
1125,1133,40,32,3
1125,1138,25,12,2
1140,1142,20,18,1
1150,1155,25,20,2
1160,1172,50,38,4
1165,1180,40,25,3
1175,1185,25,15,2
1160,1187,20,-7,1
1180,1189,20,11,1
1200,1205,25,20,2
1210,1222,50,38,4
1205,1225,40,20,3
1225,1230,25,20,2
1200,1232,20,-12,1
1220,1234,20,6,1
1240,1242,20,18,1
1245,1253,40,32,3
1250,1258,25,17,2
1260,1272,50,38,4
1260,1274,20,6,1
1275,1280,25,20,2
1280,1282,20,18,1
1285,1293,40,32,3
1300,1305,25,20,2
1300,1307,20,13,1
1310,1322,50,38,4
1320,1324,20,16,1
1325,1333,40,32,3
1325,1338,25,12,2
1340,1342,20,18,1
1350,1355,25,20,2
1360,1372,50,38,4
1365,1380,40,25,3
1375,1385,25,15,2
1360,1387,20,-7,1
1380,1389,20,11,1
1400,1405,25,20,2
1410,1422,50,38,4
1405,1425,40,20,3
1425,1430,25,20,2
1400,1432,20,-12,1
1420,1434,20,6,1
1440,1442,20,18,1
1445,1453,40,32,3
1450,1458,25,17,2
1460,1472,50,38,4
1460,1474,20,6,1
1475,1480,25,20,2
1480,1482,20,18,1
1485,1493,40,32,3
1500,1505,25,20,2
1500,1507,20,13,1
1510,1522,50,38,4
1520,1524,20,16,1
1525,1533,40,32,3
1525,1538,25,12,2
1540,1542,20,18,1
1550,1555,25,20,2
1560,1572,50,38,4
1565,1580,40,25,3
1575,1585,25,15,2
1560,1587,20,-7,1
1580,1589,20,11,1
1600,1605,25,20,2
1610,1622,50,38,4
1605,1625,40,20,3
1625,1630,25,20,2
1600,1632,20,-12,1
1620,1634,20,6,1
1640,1642,20,18,1
1645,1653,40,32,3
1650,1658,25,17,2
1660,1672,50,38,4
1660,1674,20,6,1
1675,1680,25,20,2
1680,1682,20,18,1
1685,1693,40,32,3
1700,1705,25,20,2
1700,1707,20,13,1
1710,1722,50,38,4
1720,1724,20,16,1
1725,1733,40,32,3
1725,1738,25,12,2
1740,1742,20,18,1
1750,1755,25,20,2
1760,1772,50,38,4
1765,1780,40,25,3
1775,1785,25,15,2
1760,1787,20,-7,1
1780,1789,20,11,1
1800,1805,25,20,2
1810,1822,50,38,4
1805,1825,40,20,3
1825,1830,25,20,2
1800,1832,20,-12,1
1820,1834,20,6,1
1840,1842,20,18,1
1845,1853,40,32,3
1850,1858,25,17,2
1860,1872,50,38,4
1860,1874,20,6,1
1875,1880,25,20,2
1880,1882,20,18,1
1885,1893,40,32,3
1900,1905,25,20,2
1900,1907,20,13,1
1910,1922,50,38,4
1920,1924,20,16,1
1925,1933,40,32,3
1925,1938,25,12,2
1940,1942,20,18,1
1950,1955,25,20,2
1960,1972,50,38,4
1965,1980,40,25,3
1975,1985,25,15,2
1960,1987,20,-7,1
1980,1989,20,11,1
2000,2005,25,20,2
2010,2022,50,38,4
2005,2025,40,20,3
2025,2030,25,20,2
2045,2053,40,32,3
2050,2058,25,17,2
2060,2072,50,38,4
2075,2080,25,20,2
2085,2093,40,32,3
2100,2105,25,20,2
2110,2122,50,38,4
2125,2133,40,32,3
2125,2138,25,12,2
2150,2155,25,20,2
2160,2172,50,38,4
2165,2180,40,25,3
2175,2185,25,15,2
2200,2205,25,20,2
2210,2222,50,38,4
2205,2225,40,20,3
2225,2230,25,20,2
2245,2253,40,32,3
2250,2258,25,17,2
2260,2272,50,38,4
2275,2280,25,20,2
2285,2293,40,32,3
2300,2305,25,20,2
2310,2322,50,38,4
2325,2333,40,32,3
2325,2338,25,12,2
2350,2355,25,20,2
2360,2372,50,38,4
2365,2380,40,25,3
2375,2385,25,15,2
2400,2405,25,20,2
2410,2422,50,38,4
2405,2425,40,20,3
2425,2430,25,20,2
2445,2453,40,32,3
2450,2458,25,17,2
2460,2472,50,38,4
2475,2480,25,20,2
2485,2493,40,32,3
2510,2522,50,38,4
2525,2533,40,32,3
2560,2572,50,38,4
2565,2580,40,25,3
2610,2622,50,38,4
2605,2625,40,20,3
2645,2653,40,32,3
2660,2672,50,38,4
2685,2693,40,32,3
2710,2722,50,38,4
2725,2733,40,32,3
2760,2772,50,38,4
2765,2780,40,25,3
2810,2822,50,38,4
2805,2825,40,20,3
2845,2853,40,32,3
2860,2872,50,38,4
2885,2893,40,32,3
2910,2922,50,38,4
2925,2933,40,32,3
2960,2972,50,38,4
2965,2980,40,25,3
3010,3022,50,38,4
3005,3025,40,20,3
3045,3053,40,32,3
3060,3072,50,38,4
3085,3093,40,32,3
3110,3122,50,38,4
3125,3133,40,32,3
3160,3172,50,38,4
3165,3180,40,25,3
3210,3222,50,38,4
3205,3225,40,20,3
3245,3253,40,32,3
3260,3272,50,38,4
3285,3293,40,32,3
3310,3322,50,38,4
3325,3333,40,32,3
3360,3372,50,38,4
3365,3380,40,25,3
3410,3422,50,38,4
3405,3425,40,20,3
3445,3453,40,32,3
3460,3472,50,38,4
3485,3493,40,32,3
3510,3522,50,38,4
3525,3533,40,32,3
3560,3572,50,38,4
3565,3580,40,25,3
3610,3622,50,38,4
3605,3625,40,20,3
3645,3653,40,32,3
3660,3672,50,38,4
3685,3693,40,32,3
3710,3722,50,38,4
3725,3733,40,32,3
3760,3772,50,38,4
3765,3780,40,25,3
3810,3822,50,38,4
3805,3825,40,20,3
3845,3853,40,32,3
3860,3872,50,38,4
3885,3893,40,32,3
3910,3922,50,38,4
3925,3933,40,32,3
3960,3972,50,38,4
3965,3980,40,25,3
4010,4022,50,38,4
4060,4072,50,38,4
4110,4122,50,38,4
4160,4172,50,38,4
4210,4222,50,38,4
4260,4272,50,38,4
4310,4322,50,38,4
4360,4372,50,38,4
4410,4422,50,38,4
4460,4472,50,38,4
4510,4522,50,38,4
4560,4572,50,38,4
4610,4622,50,38,4
4660,4672,50,38,4
4710,4722,50,38,4
4760,4772,50,38,4
4810,4822,50,38,4
4860,4872,50,38,4
4910,4922,50,38,4
4960,4972,50,38,4
